{
    "validValues" : ["Empty","DE","DU","Egesznap"],
    "colors" : {
        "DE" : "#a0c4e2",
      "DU" : "#a0c4e2",
      "Egesznap" : "#a0c4e2",
      "Empty" : "#8b8378"
    },
    "naptari_napok" : ["H","K","Sze","Cs","P","Sz","V"],
    "y2020":
        {
          "Szeptember" :
          {
              "start" : "K",
              "startIndex" : 1,
              "napok" : 30,
              "m" : 9,
              "hu" : "Szeptember",
              "en" : "September"
          },
          "Oktober" :
           {
              "start" : "Cs",
              "startIndex" : 3,
              "napok" : 31,
              "m" : 10,
              "hu" : "Október",
              "en" : "October"
          },
           "November" :
          {
              "start" : "V",
              "startIndex" : 6,
              "napok" : 30,
              "m" : 11,
              "hu" : "November",
              "en" : "November"
          },
          "December" :
          {
              "start" : "K",
              "startIndex" : 1,
              "napok" : 31,
              "m" : 12,
              "hu" : "December",
              "en" : "December"
          }

      },
      "y2021":
        {
              
          "Februar" :
          {
              "start" : "H",
              "startIndex" : 0,
              "napok" : 28,
              "m" : 2,
              "hu" : "Február",
              "en" : "February"
          },
          "March" :
          {
              "start" : "H",
              "startIndex" : 0,
              "napok" : 31,
              "m" : 3,
              "hu" : "Március",
              "en" : "March"
          }, 
          "August" :
          {
              "start" : "V",
              "startIndex" : 6,
              "napok" : 31,
              "m" : 8,
              "hu" : "Augusztus",
              "en" : "August"
          },
          "September" :
          {
              "start" : "Sze",
              "startIndex" : 2,
              "napok" : 30,
              "m" : 9,
              "hu" : "Szeptember",
              "en" : "September"
          },
          "Oktober" :
           {
              "start" : "Cs",
              "startIndex" : 3,
              "napok" : 31,
              "m" : 10,
              "hu" : "Október",
              "en" : "October"
          },
           "November" :
          {
              "start" : "V",
              "startIndex" : 6,
              "napok" : 30,
              "m" : 11,
              "hu" : "November",
              "en" : "November"
          },
          "December" :
          {
              "start" : "K",
              "startIndex" : 1,
              "napok" : 31,
              "m" : 12,
              "hu" : "December",
              "en" : "December"
          }

      }

  }
