{
    "validValues" : ["Empty","DE","DU","Egesznap"],
    "colors" : {
        "DE" : "#a0c4e2",
      "DU" : "#a0c4e2",
      "Egesznap" : "#a0c4e2",
      "Empty" : "#8b8378"
    },
    "naptari_napok" : ["H","K","Sze","Cs","P","Sz","V"],
    "y2020":
        {
          "Szeptember" :
          {
              "start" : "K",
              "startIndex" : 1,
              "napok" : 30
          },
          "Október" :
           {
              "start" : "Cs",
              "startIndex" : 3,
              "napok" : 31
          },
           "November" :
          {
              "start" : "V",
              "startIndex" : 6,
              "napok" : 30
          },
          "December" :
          {
              "start" : "K",
              "startIndex" : 1,
              "napok" : 31
          }

      },
      "y2021":
      {
        "Februar" :
        {
            "start" : "H",
            "startIndex" : 0,
            "napok" : 28
        },
        "March" :
        {
            "start" : "H",
            "startIndex" : 0,
            "napok" : 31
        }
    }

  }
